{"batch_size": 16, "learning_rate": 1e-05, "opt_databalance": "9010", "epochs": 5, "aug_prob": 0.2, "val_loss": 0.12049689888954163, "average_dice": 0.8667679426336764, "cm": [250, 46, 30, 2631]}