{"batch_size": 16, "learning_rate": 5e-05, "opt_databalance": "7030", "epochs": 5, "aug_prob": 0.2, "val_loss": 0.01147, "average_dice": 0.899853488703079, "cm": [1057, 84, 54, 2607]}