{"batch_size": 16, "learning_rate": 0.0001, "opt_databalance": "9010", "epochs": 5, "aug_prob": 0.2, "val_loss": 0.012820873409509659, "average_dice": 0.8948751913458891, "cm": [228, 68, 12, 2649]}