{"batch_size": 8, "learning_rate": 5e-05, "opt_databalance": "8020", "epochs": 5, "aug_prob": 0.2, "val_loss": 0.009071310982108116, "average_dice": 0.9081248313793904, "cm": [607, 58, 26, 2635]}