{"batch_size": 8, "learning_rate": 0.0001, "opt_databalance": "7030", "epochs": 5, "aug_prob": 0.2, "val_loss": 0.007312224246561527, "average_dice": 0.9024077016018589, "cm": [1021, 120, 33, 2628]}