{"batch_size": 8, "learning_rate": 0.0001, "opt_databalance": "8020", "epochs": 5, "aug_prob": 0.2, "val_loss": 0.007197182159870863, "average_dice": 0.9107457042575872, "cm": [589, 76, 12, 2649]}