{"batch_size": 8, "learning_rate": 1e-05, "opt_databalance": "8020", "epochs": 5, "aug_prob": 0.2, "val_loss": 0.037436503916978836, "average_dice": 0.8863571396049448, "cm": [583, 82, 26, 2635]}