{"batch_size": 8, "learning_rate": 1e-05, "opt_databalance": "9010", "epochs": 5, "aug_prob": 0.2, "val_loss": 0.06310614943504333, "average_dice": 0.8863281349457165, "cm": [236, 60, 11, 2650]}