{"batch_size": 8, "learning_rate": 5e-05, "opt_databalance": "9010", "epochs": 5, "aug_prob": 0.2, "val_loss": 0.012415979988873005, "average_dice": 0.9063229158903602, "cm": [259, 37, 14, 2647]}