{"batch_size": 16, "learning_rate": 1e-05, "opt_databalance": "8020", "epochs": 5, "aug_prob": 0.2, "val_loss": 0.0685286819934845, "average_dice": 0.8597437516111307, "cm": [585, 80, 50, 2611]}