{"batch_size": 8, "learning_rate": 1e-05, "opt_databalance": "7030", "epochs": 5, "aug_prob": 0.2, "val_loss": 0.037067484110593796, "average_dice": 0.8451914435372766, "cm": [852, 289, 22, 2639]}